{"0":{"DATES":1467590400,"USERS":15591,"DEPOSIT_USD":1963069.19786898,"N_DEPOSITS":19657,"N_USERS_DEPOSITS":12702,"AVG_DEPOSIT_PER_USER":154.548039511,"WITHDRAWAL_USD":1656844.8007030601,"N_WITHDRAWAL":1227,"N_USERS_WITHDRAWALS":999,"AVG_WITHDRAWAL_PER_USER":1658.5033040071},"1":{"DATES":1467676800,"USERS":15035,"DEPOSIT_USD":1793387.68985358,"N_DEPOSITS":18692,"N_USERS_DEPOSITS":11981,"AVG_DEPOSIT_PER_USER":149.6859769513,"WITHDRAWAL_USD":1791361.7846631799,"N_WITHDRAWAL":1259,"N_USERS_WITHDRAWALS":1071,"AVG_WITHDRAWAL_PER_USER":1672.606708369},"2":{"DATES":1467763200,"USERS":16880,"DEPOSIT_USD":2012259.58200897,"N_DEPOSITS":20939,"N_USERS_DEPOSITS":13572,"AVG_DEPOSIT_PER_USER":148.2655159158,"WITHDRAWAL_USD":1540775.29601129,"N_WITHDRAWAL":1153,"N_USERS_WITHDRAWALS":986,"AVG_WITHDRAWAL_PER_USER":1562.6524300317},"3":{"DATES":1467849600,"USERS":17369,"DEPOSIT_USD":2076573.2795997199,"N_DEPOSITS":21487,"N_USERS_DEPOSITS":14105,"AVG_DEPOSIT_PER_USER":147.2224941226,"WITHDRAWAL_USD":1316405.1666514501,"N_WITHDRAWAL":899,"N_USERS_WITHDRAWALS":739,"AVG_WITHDRAWAL_PER_USER":1781.3331077827},"4":{"DATES":1467936000,"USERS":19543,"DEPOSIT_USD":2382753.7778456798,"N_DEPOSITS":24875,"N_USERS_DEPOSITS":16042,"AVG_DEPOSIT_PER_USER":148.5322140535,"WITHDRAWAL_USD":1356989.70552057,"N_WITHDRAWAL":1138,"N_USERS_WITHDRAWALS":957,"AVG_WITHDRAWAL_PER_USER":1417.9620747341},"5":{"DATES":1468022400,"USERS":25449,"DEPOSIT_USD":2988214.00403398,"N_DEPOSITS":30999,"N_USERS_DEPOSITS":20855,"AVG_DEPOSIT_PER_USER":143.2852555279,"WITHDRAWAL_USD":1321893.17928871,"N_WITHDRAWAL":886,"N_USERS_WITHDRAWALS":721,"AVG_WITHDRAWAL_PER_USER":1833.4163374323},"6":{"DATES":1468108800,"USERS":19361,"DEPOSIT_USD":2395956.4368438199,"N_DEPOSITS":23916,"N_USERS_DEPOSITS":15475,"AVG_DEPOSIT_PER_USER":154.8275565004,"WITHDRAWAL_USD":1378603.0155450699,"N_WITHDRAWAL":1239,"N_USERS_WITHDRAWALS":1098,"AVG_WITHDRAWAL_PER_USER":1255.5583019536},"7":{"DATES":1468195200,"USERS":14669,"DEPOSIT_USD":1671284.24083895,"N_DEPOSITS":17387,"N_USERS_DEPOSITS":11298,"AVG_DEPOSIT_PER_USER":147.9274420994,"WITHDRAWAL_USD":3723838.8498804001,"N_WITHDRAWAL":1503,"N_USERS_WITHDRAWALS":1337,"AVG_WITHDRAWAL_PER_USER":2785.219783007},"8":{"DATES":1468281600,"USERS":13903,"DEPOSIT_USD":1659677.90446987,"N_DEPOSITS":16876,"N_USERS_DEPOSITS":10740,"AVG_DEPOSIT_PER_USER":154.5323933398,"WITHDRAWAL_USD":1599271.27076022,"N_WITHDRAWAL":1218,"N_USERS_WITHDRAWALS":1054,"AVG_WITHDRAWAL_PER_USER":1517.3351714993},"9":{"DATES":1468368000,"USERS":14253,"DEPOSIT_USD":1730875.04328308,"N_DEPOSITS":17831,"N_USERS_DEPOSITS":11252,"AVG_DEPOSIT_PER_USER":153.8282121652,"WITHDRAWAL_USD":2162561.73720751,"N_WITHDRAWAL":1139,"N_USERS_WITHDRAWALS":927,"AVG_WITHDRAWAL_PER_USER":2332.8605579369},"10":{"DATES":1468454400,"USERS":13182,"DEPOSIT_USD":1621570.7018009601,"N_DEPOSITS":17344,"N_USERS_DEPOSITS":10580,"AVG_DEPOSIT_PER_USER":153.2675521551,"WITHDRAWAL_USD":1531180.03059664,"N_WITHDRAWAL":1072,"N_USERS_WITHDRAWALS":718,"AVG_WITHDRAWAL_PER_USER":2132.5627167084},"11":{"DATES":1468540800,"USERS":18071,"DEPOSIT_USD":2376470.2879778799,"N_DEPOSITS":24442,"N_USERS_DEPOSITS":15001,"AVG_DEPOSIT_PER_USER":158.4207911458,"WITHDRAWAL_USD":1333063.1256057699,"N_WITHDRAWAL":954,"N_USERS_WITHDRAWALS":820,"AVG_WITHDRAWAL_PER_USER":1625.6867385436},"12":{"DATES":1468627200,"USERS":17114,"DEPOSIT_USD":2216060.5082355398,"N_DEPOSITS":22773,"N_USERS_DEPOSITS":14023,"AVG_DEPOSIT_PER_USER":158.0304149066,"WITHDRAWAL_USD":1244580.5238357901,"N_WITHDRAWAL":917,"N_USERS_WITHDRAWALS":766,"AVG_WITHDRAWAL_PER_USER":1624.7787517439},"13":{"DATES":1468713600,"USERS":16757,"DEPOSIT_USD":2248727.29074731,"N_DEPOSITS":21905,"N_USERS_DEPOSITS":13618,"AVG_DEPOSIT_PER_USER":165.1290417644,"WITHDRAWAL_USD":1211554.22043633,"N_WITHDRAWAL":991,"N_USERS_WITHDRAWALS":844,"AVG_WITHDRAWAL_PER_USER":1435.4907825075},"14":{"DATES":1468800000,"USERS":14122,"DEPOSIT_USD":1803427.3198931799,"N_DEPOSITS":17870,"N_USERS_DEPOSITS":11418,"AVG_DEPOSIT_PER_USER":157.9459905319,"WITHDRAWAL_USD":2590154.46313133,"N_WITHDRAWAL":882,"N_USERS_WITHDRAWALS":749,"AVG_WITHDRAWAL_PER_USER":3458.1501510432},"15":{"DATES":1468886400,"USERS":14359,"DEPOSIT_USD":1799600.8439023299,"N_DEPOSITS":18059,"N_USERS_DEPOSITS":11435,"AVG_DEPOSIT_PER_USER":157.3765495323,"WITHDRAWAL_USD":1394084.1112293701,"N_WITHDRAWAL":916,"N_USERS_WITHDRAWALS":796,"AVG_WITHDRAWAL_PER_USER":1751.3619487806},"16":{"DATES":1468972800,"USERS":14486,"DEPOSIT_USD":1892269.52015754,"N_DEPOSITS":19247,"N_USERS_DEPOSITS":11847,"AVG_DEPOSIT_PER_USER":159.7256284424,"WITHDRAWAL_USD":1069283.9514718801,"N_WITHDRAWAL":865,"N_USERS_WITHDRAWALS":760,"AVG_WITHDRAWAL_PER_USER":1406.9525677262},"17":{"DATES":1469059200,"USERS":14496,"DEPOSIT_USD":1901885.7829448199,"N_DEPOSITS":19432,"N_USERS_DEPOSITS":11941,"AVG_DEPOSIT_PER_USER":159.273576999,"WITHDRAWAL_USD":1113616.06289701,"N_WITHDRAWAL":788,"N_USERS_WITHDRAWALS":687,"AVG_WITHDRAWAL_PER_USER":1620.9840799083},"18":{"DATES":1469145600,"USERS":16656,"DEPOSIT_USD":2137614.97160768,"N_DEPOSITS":22016,"N_USERS_DEPOSITS":13746,"AVG_DEPOSIT_PER_USER":155.5081457593,"WITHDRAWAL_USD":1262811.3194764799,"N_WITHDRAWAL":947,"N_USERS_WITHDRAWALS":800,"AVG_WITHDRAWAL_PER_USER":1578.5141493456},"19":{"DATES":1469232000,"USERS":17804,"DEPOSIT_USD":2216568.7004256598,"N_DEPOSITS":23480,"N_USERS_DEPOSITS":14906,"AVG_DEPOSIT_PER_USER":148.7031195777,"WITHDRAWAL_USD":846800.431666317,"N_WITHDRAWAL":591,"N_USERS_WITHDRAWALS":491,"AVG_WITHDRAWAL_PER_USER":1724.6444636789},"20":{"DATES":1469318400,"USERS":15701,"DEPOSIT_USD":1960060.5581596601,"N_DEPOSITS":19973,"N_USERS_DEPOSITS":12705,"AVG_DEPOSIT_PER_USER":154.2747389343,"WITHDRAWAL_USD":1475415.9389945201,"N_WITHDRAWAL":1130,"N_USERS_WITHDRAWALS":958,"AVG_WITHDRAWAL_PER_USER":1540.1001450882},"21":{"DATES":1469404800,"USERS":9603,"DEPOSIT_USD":1060441.1826805901,"N_DEPOSITS":10557,"N_USERS_DEPOSITS":7755,"AVG_DEPOSIT_PER_USER":136.7428991206,"WITHDRAWAL_USD":528449.3384702629,"N_WITHDRAWAL":433,"N_USERS_WITHDRAWALS":385,"AVG_WITHDRAWAL_PER_USER":1372.5956843383},"22":{"DATES":1469491200,"USERS":14674,"DEPOSIT_USD":1805636.8304957401,"N_DEPOSITS":18275,"N_USERS_DEPOSITS":11635,"AVG_DEPOSIT_PER_USER":155.1901014607,"WITHDRAWAL_USD":1423295.1449860099,"N_WITHDRAWAL":992,"N_USERS_WITHDRAWALS":869,"AVG_WITHDRAWAL_PER_USER":1637.8540218481},"23":{"DATES":1469577600,"USERS":14580,"DEPOSIT_USD":1773329.95504071,"N_DEPOSITS":17916,"N_USERS_DEPOSITS":11907,"AVG_DEPOSIT_PER_USER":148.9317170606,"WITHDRAWAL_USD":1106891.19480617,"N_WITHDRAWAL":789,"N_USERS_WITHDRAWALS":697,"AVG_WITHDRAWAL_PER_USER":1588.079189105},"24":{"DATES":1469664000,"USERS":15020,"DEPOSIT_USD":1876302.1303179399,"N_DEPOSITS":19449,"N_USERS_DEPOSITS":12548,"AVG_DEPOSIT_PER_USER":149.5299753202,"WITHDRAWAL_USD":975582.720819695,"N_WITHDRAWAL":680,"N_USERS_WITHDRAWALS":576,"AVG_WITHDRAWAL_PER_USER":1693.7200014231},"25":{"DATES":1469750400,"USERS":16818,"DEPOSIT_USD":2041338.4875008601,"N_DEPOSITS":21484,"N_USERS_DEPOSITS":14164,"AVG_DEPOSIT_PER_USER":144.1216102443,"WITHDRAWAL_USD":970890.667345172,"N_WITHDRAWAL":684,"N_USERS_WITHDRAWALS":571,"AVG_WITHDRAWAL_PER_USER":1700.3339182928},"26":{"DATES":1469836800,"USERS":19330,"DEPOSIT_USD":2418329.7214238001,"N_DEPOSITS":25280,"N_USERS_DEPOSITS":16149,"AVG_DEPOSIT_PER_USER":149.7510509272,"WITHDRAWAL_USD":993157.4369168191,"N_WITHDRAWAL":785,"N_USERS_WITHDRAWALS":690,"AVG_WITHDRAWAL_PER_USER":1439.3586042273},"27":{"DATES":1469923200,"USERS":16589,"DEPOSIT_USD":2212399.4902169299,"N_DEPOSITS":21531,"N_USERS_DEPOSITS":13747,"AVG_DEPOSIT_PER_USER":160.936894611,"WITHDRAWAL_USD":938972.184279755,"N_WITHDRAWAL":790,"N_USERS_WITHDRAWALS":714,"AVG_WITHDRAWAL_PER_USER":1315.0870928288},"28":{"DATES":1470009600,"USERS":13812,"DEPOSIT_USD":1901283.4417802801,"N_DEPOSITS":18015,"N_USERS_DEPOSITS":11485,"AVG_DEPOSIT_PER_USER":165.544923098,"WITHDRAWAL_USD":1082710.69284287,"N_WITHDRAWAL":671,"N_USERS_WITHDRAWALS":621,