{"0":{"ACTIVITY_DATE":1467849600,"SUM(PD.TOTAL_HANDLE_USD)":70928989.2495530099},"1":{"ACTIVITY_DATE":1468108800,"SUM(PD.TOTAL_HANDLE_USD)":85912751.7431812882},"2":{"ACTIVITY_DATE":1468886400,"SUM(PD.TOTAL_HANDLE_USD)":78978009.2692603916},"3":{"ACTIVITY_DATE":1467504000,"SUM(PD.TOTAL_HANDLE_USD)":85118868.8191844076},"4":{"ACTIVITY_DATE":1468368000,"SUM(PD.TOTAL_HANDLE_USD)":95529489.7227499038},"5":{"ACTIVITY_DATE":1468972800,"SUM(PD.TOTAL_HANDLE_USD)":79288596.6415871978},"6":{"ACTIVITY_DATE":1468022400,"SUM(PD.TOTAL_HANDLE_USD)":87231558.6370775998},"7":{"ACTIVITY_DATE":1468281600,"SUM(PD.TOTAL_HANDLE_USD)":77560588.7619653046},"8":{"ACTIVITY_DATE":1467763200,"SUM(PD.TOTAL_HANDLE_USD)":70435124.1803042889},"9":{"ACTIVITY_DATE":1468800000,"SUM(PD.TOTAL_HANDLE_USD)":70363394.5120491982},"10":{"ACTIVITY_DATE":1467417600,"SUM(PD.TOTAL_HANDLE_USD)":92000825.6527753919},"11":{"ACTIVITY_DATE":1467676800,"SUM(PD.TOTAL_HANDLE_USD)":87474976.0978929996},"12":{"ACTIVITY_DATE":1467936000,"SUM(PD.TOTAL_HANDLE_USD)":83309931.7045826912},"13":{"ACTIVITY_DATE":1468454400,"SUM(PD.TOTAL_HANDLE_USD)":73156959.0177031904},"14":{"ACTIVITY_DATE":1467331200,"SUM(PD.TOTAL_HANDLE_USD)":89759236.7642555982},"15":{"ACTIVITY_DATE":1468627200,"SUM(PD.TOTAL_HANDLE_USD)":78832951.28233549},"16":{"ACTIVITY_DATE":1467590400,"SUM(PD.TOTAL_HANDLE_USD)":85635224.9105630964},"17":{"ACTIVITY_DATE":1468195200,"SUM(PD.TOTAL_HANDLE_USD)":83136213.8376055956},"18":{"ACTIVITY_DATE":1468540800,"SUM(PD.TOTAL_HANDLE_USD)":88803598.5838745981},"19":{"ACTIVITY_DATE":1468713600,"SUM(PD.TOTAL_HANDLE_USD)":87586272.8924055994}}